,pdb_id,smiles,protein_sequence,binding_affinity,computed_dG,error_message
40,5FOX,CC(=O)N[C@@H](Cc1ccccc1)C(=O)N[C@@H](Cc1c[nH]cn1)C(=O)N[C@@H](C)C(=O)N[C@@H](C)C(N)=O,ATIGRISTGSKSLDKLLGGGIETQAITEVFGEFGSGKTQLAHTLAVMVQLPPEEGGLNGSVMWIDTENTFRPERIREIAQNRGLDPDEVLKHIAYARAFNSNHQMLLVQQAEDMIKELLNTDRPVKLLIVDSLTSHFRSEYIGRGALAERQQKLAKHLADLHRLANLYDIAVFVTNQVLAHSATLRVYLRKGKGGKRIARLIDAPLPEGEAVFSITEKGIED,Kd=675uM,,'NoneType' object has no attribute 'GetLigand'
55,3O56,CCn1ncc2c(NC3CCOCC3)c(-c3nc(CC(=O)N4CCCC4)no3)cnc21,ISRFGVNTENEDHLAKELEDLNKWGLNIFNVAGYSHNRPLTCIMYAIFQERDLLKTFRISSDTFITYMMTLEDHYHSDVAYHNSLHAADVAQSTHVLLSTPALDAVFTDLEILAAIFAAAIHDVDHPGVSNQFLINTNSELALMYNDESVLENHHLAVGFKLLQEEHCDIFMNLTKKQRQTLRKMVIDMVLATDMSKHMSLLADLKTMVETKKVTSSGVLLLDNYTDRIQVLRNMVHCADLSNPTKSLELYRQWTDRIMEEFFQQGDKERERGMEISPMCDKHTASVEKSQVGFIDYIVHPLWETWADLVQPDAQDILDTLEDNRNWYQAMIPQA,Kd=794pM,,'NoneType' object has no attribute 'GetLigand'
158,3T84,CC(=O)O[C@H]1[C@@H](COS(N)(=O)=O)O[C@H](O)[C@H](O)[C@H]1O,HWGYGKHNGPEHWHKDFPIAKGERQSPVDIDTHTAKYDPSLKPLSVSYDQATSLRILNNGHAFNVEFDDSQDKAVLKGGPLDGTYRLIQFHFHWGSLDGQGSEHTVDKKKYAAELHLVHWNTKYGDFGKAVQQPDGLAVLGIFLKVGSAKPGLQKVVDVLDSIKTKGKSADFTNFDPRGLLPESLDYWTYPGSLTTPPLLECVTWIVLKEPISVSSEQVLKFRKLNFNGEGEPEELMVDNWRPAQPLKNRQIKASFK,Ki=106nM,,'NoneType' object has no attribute 'GetLigand'
175,4AJE,O=C([O-])C(Oc1ccc(Br)cc1)C(=O)[O-],ALKDQLIVNLLKVPQNKITVVGVGAVGMACAISILMKDLADELALVDVIEDKLKGEMMDLQHGSLFLKTPKIVSSKDYSVTANSKLVIITAGARQQEGESRLNLVQRNVNIFKFIIPNVVKYSPQCKLLIVSNPVDILTYVAWKISGFPKNRVIGSGCNLDSARFRYLMGERLGVHPLSCHGWVLGEHGDSSVPVWSGVNVAGVSLKSLNPQLGTDADKEQWKDVHKQVVDSAYEVIKLKGYTSWAIGLSVADLAESIMKNLRRVHPISTMIKGLYGIKEDVFLSVPCILGQNGISDVVKVTLTPDEEARLKKSADTLWGIQKELQF:ALKDQLIVNLLKEEQVPQNKITVVGVGAVGMACAISILMKDLADELALVDVIEDKLKGEMMDLQHGSLFLKTPKIVSSKDYSVTANSKLVIITAGARQQEGESRLNLVQRNVNIFKFIIPNVVKYSPQCKLLIVSNPVDILTYVAWKISGFPKNRVIGSGCNLDSARFRYLMGERLGVHPLSCHGWVLGEHGDSSVPVWSGVNVAGVSLKSLNPQLGTDADKEQWKDVHKQVVDSAYEVIKLKGYTSWAIGLSVADLAESIMKNLRRVHPISTMIKGLYGIKEDVFLSVPCILGQNGISDVVKVTLTPDEEARLKKSADTLWGIQKELQF:ALKDQLIVNLLKEEQVPQNKITVVGVGAVGMACAISILMKDLADELALVDVIEDKLKGEMMDLQHGSLFLKTPKIVSSKDYSVTANSKLVIITAGARQQEGESRLNLVQRNVNIFKFIIPNVVKYSPQCKLLIVSNPVDILTYVAWKISGFPKNRVIGSGCNLDSARFRYLMGERLGVHPLSCHGWVLGEHGDSSVPVWSGVNVAGVSLKSLNPQLGTDADKEQWKDVHKQVVDSAYEVIKLKGYTSWAIGLSVADLAESIMKNLRRVHPISTMIKGLYGIKEDVFLSVPCILGQNGISDVVKVTLTPDEEARLKKSADTLWGIQKELQF:ALKDQLIVNLLKEEQVPQNKITVVGVGAVGMACAISILMKDLADELALVDVIEDKLKGEMMDLQHGSLFLKTPKIVSSKDYSVTANSKLVIITAGARQQEGESRLNLVQRNVNIFKFIIPNVVKYSPQCKLLIVSNPVDILTYVAWKISGFPKNRVIGSGCNLDSARFRYLMGERLGVHPLSCHGWVLGEHGDSSVPVWSGVNVAGVSLKSLNPQLGTDADKEQWKDVHKQVVDSAYEVIKLKGYTSWAIGLSVADLAESIMKNLRRVHPISTMIKGLYGIKEDVFLSVPCILGQNGISDVVKVTLTPDEEARLKKSADTLWGIQKELQF,Kd=210uM,,'NoneType' object has no attribute 'GetLigand'
189,6EQ2,Nc1nc2ncccc2[nH]1,ASRLYTLVLVLQPQRVLLGMKKRGFGAGRWNGFGGKVQEGETIEDGARRELQEESGLTVDALHKVGQIVFEFVGEPELMDVHVFCTDSIQGTPVESDEMRPCWFQLDQIPFKDMWPDDSYWFPLLLQKKKFHGYFKFQGQDTILDYTLREVDTV,Kd=1.3uM,,'NoneType' object has no attribute 'GetLigand'
242,5FNG,Clc1ccc(Cc2nnn[nH]2)cc1,HWGYGKHNGPEHWHKDFPIAKGERQSPVDIDTHTAKYDPSLKPLSVSYDQATSLRILNNGHAFNVEFDDSQDKAVLKGGPLDGTYRLIQFHFHWGSLDGQGSEHTVDKKKYAAELHLVHWNTKYGDFGKAVQQPDGLAVLGIFLKVGSAKPGLQKVVDVLDSIKTKGKSADFTNFDPRGLLPESLDYWTYPGSLTTPPLLECVTWIVLKEPISVSSEQVLKFRKLNFNGEGEPEELMVDNWRPAQPLKNRQIKASFK,Kd=1105uM,,'NoneType' object has no attribute 'GetLigand'
243,3KGP,[NH3+]Cc1ccc(C(=O)[O-])cc1,IIGGEFTTIENQPWFAAIYRRHVTYVCGGSLISPCWVISATHCFIDYPKKEDYIVYLGRSRLNSNTQGEMKFEVENLILHKDYSADAHHNDIALLKIRSKEGRCAQPSRTIQTIALPSMYNDPQFGTSCEITGFGKEQSTDYLYPEQLKMTVVKLISHRECQQPHYYGSEVTTKMLCAADPQWKTDSCQGDSGGPLVCSLQGRMTLTGIVSWGRGCALKDKPGVYTRVSHFLPWIRSHT,Ki=2.68mM,,'NoneType' object has no attribute 'GetLigand'
390,3VBD,COc1ccc2c(c1)CC[NH2+]C2c1ccc(S(N)(=O)=O)cc1,HHWGYGKHNGPEHWHKDFPIAKGERQSPVDIDTHTAKYDPSLKPLSVSYDQATSLRILNNGHAFNVEFDDSQDKAVLKGGPLDGTYRLIQFHFHWGSLDGQGSEHTVDKKKYAAELHLVHWNTKYGDFGKAVQQPDGLAVLGIFLKVGSAKPGLQKVVDVLDSIKTKGKSADFTNFDPRGLLPESLDYWTYPGSLTTPPLLECVTWIVLKEPISVSSEQVLKFRKLNFNGEGEPEELMVDNWRPAQPLKNRQIKASFK,Ki=8.6nM,,'NoneType' object has no attribute 'GetLigand'
447,3T83,CCC(=O)O[C@@H]1[C@@H](OC(=O)CC)C(=O)O[C@H](COS(N)(=O)=O)[C@H]1OC(=O)CC,HWGYGKHNGPEHWHKDFPIAKGERQSPVDIDTHTAKYDPSLKPLSVSYDQATSLRILNNGHAFNVEFDDSQDKAVLKGGPLDGTYRLIQFHFHWGSLDGQGSEHTVDKKKYAAELHLVHWNTKYGDFGKAVQQPDGLAVLGIFLKVGSAKPGLQKVVDVLDSIKTKGKSADFTNFDPRGLLPESLDYWTYPGSLTTPPLLECVTWIVLKEPISVSSEQVLKFRKLNFNGEGEPEELMVDNWRPAQPLKNRQIKASFK,Ki=105nM,,'NoneType' object has no attribute 'GetLigand'
492,2XM2,CC(=O)N[C@H]1/C(=N/O)O[C@H](CO)[C@@H](O)[C@@H]1O,LQPPPQQLIVQNKTIDLPAVYQLNGGEEANPHAVKVLKELLSGKMLISIGEKGDKSVRKYSRQIPDHKEGYYLSVNEKEIVLAGNDERGTYYALQTFAQLLKDGKLPEVEIKDYPSVRYRGVVEGFYGTPWSHQARLSQLKFYGKNKMNTYIYGPKDDPYHSAPNWRLPYPDKEAAQLQELVAVANENEVDFVWAIHPGQDIKWNKEDRDLLLAKFEKMYQLGVRSFAVFFDDISGEGTNPQKQAELLNYIDEKFAQVKPDINQLVMCPTEYNKSWSNPNGNYLTTLGDKLNPSIQIMWTGDRVISDITRDGISWINERIKRPAYIWWNFPVSDYVRDHLLLGPVYGNDTTIAKEMSGFVTNPMEHAESSKIAIYSVASYAWNPAKYDTWQTWKDAIRTILPSAAEELECFAMHNSDLGPNGHGYRREESMDIQPAAERFLKAFKEGKNYDKADFETLQYTFERMKESADILLMNTENKPLIVEITPWVHQFKLTAEMGEEVLKMVERNESYFLRKYNHVKALQQQMFYIDQTSNQNPYQPGVKTATRVIKPLIDRTFATVVKFFNQKFNAHLDATTDYMPHKMLPLQVKANRVLISPEIELDAIYPGENIQINSAGLQKAPVKFVRFFVLTIEK,Ki=24uM,,'NoneType' object has no attribute 'GetLigand'
520,2WNJ,COc1ccc(/C=C2\CCCN=C2c2cccnc2)c(OC)c1,LHSQANLMRLKSDLFNRSPMYPGPTKDDPLTVTLGFTLQDIVKADSSTNEVDLVYYEQQRWKLNSLMWDPNEYGNITDFRTSAADIWTPDITAYSSTRPVQVLSPQIAVVTHDGSVMFIPAQRLSFMCDPTGVDSEEGATCAVKFGSWVYSGFEIDLKTDTDQVDLSSYYASSKYEILSATQTRQVQHYSCCPEPYIDVNLVVKFRERR:DDKLHSQANLMRLKSDLFNRSPMYPGPTKDDPLTVTLGFTLQDIVKADSSTNEVDLVYYEQQRWKLNSLMWDPNEYGNITDFRTSAADIWTPDITAYSSTRPVQVLSPQIAVVTHDGSVMFIPAQRLSFMCDPTGVDSEEGATCAVKFGSWVYSGFEIDLKTDTDQVDLSSYYASSKYEILSATQTRQVQHYSCCPEPYIDVNLVVKFRERR:KDDDDKLHSQANLMRLKSDLFNRSPMYPGPTKDDPLTVTLGFTLQDIVKADSSTNEVDLVYYEQQRWKLNSLMWDPNEYGNITDFRTSAADIWTPDITAYSSTRPVQVLSPQIAVVTHDGSVMFIPAQRLSFMCDPTGVDSEEGATCAVKFGSWVYSGFEIDLKTDTDQVDLSSYYASSKYEILSATQTRQVQHYSCCPEPYIDVNLVVKFRER:DKLHSQANLMRLKSDLFNRSPMYPGPTKDDPLTVTLGFTLQDIVKADSSTNEVDLVYYEQQRWKLNSLMWDPNEYGNITDFRTSAADIWTPDITAYSSTRPVQVLSPQIAVVTHDGSVMFIPAQRLSFMCDPTGVDSEEGATCAVKFGSWVYSGFEIDLKTDTDQVDLSSYYASSKYEILSATQTRQVQHYSCCPEPYIDVNLVVKFRERR:DYKDDDDKLHSQANLMRLKSDLFNRSPMYPGPTKDDPLTVTLGFTLQDIVKADSSTNEVDLVYYEQQRWKLNSLMWDPNEYGNITDFRTSAADIWTPDITAYSSTRPVQVLSPQIAVVTHDGSVMFIPAQRLSFMCDPTGVDSEEGATCAVKFGSWVYSGFEIDLKTDTDQVDLSSYYASSKYEILSATQTRQVQHYSCCPEPYIDVNLVVKFRERR,Kd=330nM,,'NoneType' object has no attribute 'GetLigand'
540,5FPK,CC(=O)N[C@@H](Cc1ccccc1)C(=O)N[C@@H](C)C(=O)N[C@H](C(=O)N[C@@H](C)C(N)=O)[C@@H](C)O,ATIGRISTGSKSLDKLLGGGIETQAITEVFGEFGSGKTQLAHTLAVMVQLPPEEGGLNGSVIWIDTENTFRPERIREIAQNRGLDPDEVLKHIYVARAFNSNHQMLLVQQAEDKIKELLNTDRPVKLLIVDSLTSHFRSEYIGRGALAERQQKLAKHLADLHRLANLYDIAVFVTNQVQAHILAHSATLRVYLRKGKGGKRIARLIDAPHLPEGEAVFSITEKGIED,Kd=280uM,,'NoneType' object has no attribute 'GetLigand'
558,5E2S,CC(C)c1ccccc1-c1ccc(S(N)(=O)=O)cc1,HHWGYGKHNGPEHWHKDFPIAKGERQSPVDIDTHTAKYDPSLKPLSVSYDQATSLRILNNGHAFNVEFDDSQDKAVLKGGPLDGTYRLIQFHFHWGSLDGQGSEHTVDKKKYAAELHLVHWNTKYGDFGKAVQQPDGLAVLGIFLKVGSAKPGLQKVVDVLDSIKTKGKSADFTNFDPRGLLPESLDYWTYPGSLTTPPLLECVTWIVLKEPISVSSEQVLKFRKLNFNGEGEPEELMVDNWRPAQPLKNRQIKASFK,Ki=0.98nM,,'NoneType' object has no attribute 'GetLigand'
568,4W9P,COc1ccc(OCCN2C[C@H]([C@H](O)CO)[C@H]3CCC[C@@H](C2=O)N3S(=O)(=O)c2cc(Cl)cc(Cl)c2)cc1OC,TEQGEDITSKKDRGVLKIVKRVGNGEETPMIGDKVYVHYKGKLSNGKKFDSSHDRNEPFVFSLGKGQVIKAWDIGVATMKGEICHLLCKPEYAYGSAGSLPKIPSNATLFFEIELLDFKG,Ki=16nM,,'NoneType' object has no attribute 'GetLigand'
591,5FOU,CC(=O)N[C@@H](Cc1ccccc1)C(=O)N[C@@H](Cc1c[nH]cn1)C(=O)N1CCC[C@H]1C(=O)N[C@@H](C)C(N)=O,ATIGRISTGSKSLDKLLGGGIETQAITEVFGEFGSGKTQLAHTLAVMVQLPPEEGGLNGSVMWIDTENTFRPERIREIAQNRGLDPDEVLKHIAYARAFNSNHQMLLVQQAEDMIKELLNTDRPVKLLIVDSLTSHFRSEYIGRGALAERQQKLAKHLADLHRLANLYDIAVFVTNQVQHILAHSATLRVYLRKGKGGKRIARLIDAPHLPEGEAVFSITEKGIED,Kd=113uM,,'NoneType' object has no attribute 'GetLigand'
655,3T85,CC(=O)O[C@@H]1[C@H](O)[C@@H](O)O[C@H](COS(N)(=O)=O)[C@H]1OC(C)=O,HWGYGKHNGPEHWHKDFPIAKGERQSPVDIDTHTAKYDPSLKPLSVSYDQATSLRILNNGHAFNVEFDDSQDKAVLKGGPLDGTYRLIQFHFHWGSLDGQGSEHTVDKKKYAAELHLVHWNTKYGDFGKAVQQPDGLAVLGIFLKVGSAKPGLQKVVDVLDSIKTKGKSADFTNFDPRGLLPESLDYWTYPGSLTTPPLLECVTWIVLKEPISVSSEQVLKFRKLNFNGEGEPEELMVDNWRPAQPLKNRQIKASFK,Ki=11.3nM,,'NoneType' object has no attribute 'GetLigand'
665,4QF8,[NH3+]CCCC[NH2+]CCC[NH3+],SLLEFGKMILEETGKLAIPSYSSYGCYCGWGGKGTPKDATDRCCFVHDCCYGNLPDCNPKSDRYKYKRVNGAIVCEKGTSCENRICECDKAAAICFRQNLNTYSKKYMLYPDFLCKGELKC,Kd=31nM,,'NoneType' object has no attribute 'GetLigand'
709,3T82,CC(=O)O[C@@H]1[C@@H](COS(N)(=O)=O)O[C@H](O)[C@H](O)[C@H]1OC(C)=O,HWGYGKHNGPEHWHKDFPIAKGERQSPVDIDTHTAKYDPSLKPLSVSYDQATSLRILNNGHAFNVEFDDSQDKAVLKGGPLDGTYRLIQFHFHWGSLDGQGSEHTVDKKKYAAELHLVHWNTKYGDFGKAVQQPDGLAVLGIFLKVGSAKPGLQKVVDVLDSIKTKGKSADFTNFDPRGLLPESLDYWTYPGSLTTPPLLECVTWIVLKEPISVSSEQVLKFRKLNFNGEGEPEELMVDNWRPAQPLKNRQIKASFK,Ki=101nM,,'NoneType' object has no attribute 'GetLigand'
773,1QBV,[NH3+][C@H](Cc1ccccc1)C(=O)N1CCC[C@H]1C(=O)NCCNc1ccncc1,ADCGLRPLFEKKSLEDKTERELLESY:IVEGSDAEIGMSPWQVMLFRKSPQELLCGASLISDRWVLTAAHCLLYPPWDKNFTENDLLVRIGKHSRTRYERNIEKISMLEKIYIHPRYNWRENLDRDIALMKLKKPVAFSDYIHPVCLPDRETAASLLQAGYKGRVTGWGNLKEGQPSVLQVVNLPIVERPVCKDSTRIRITDNMFCAGYKPDEGKRGDACEGDSGGPFVMKSPFNNRWYQMGIVSWGEGCDRDGKYGFYTHVFRLKKWIQKVIDQF,Ki=4100nM,,'NoneType' object has no attribute 'GetLigand'
839,3NEX,Cc1cc(OCC(=O)[O-])cc(C)c1Cc1ccc(O)c(Cc2ccccc2)c1,CPLMVKVLDAVRGSPAINVAMHVFRKAADDTWEPFASGKTSESGELHGLTTEEEFVEGIYKVEIDTKSYWKALGISPFHEHAEVVFTANDSGPRRYTIAALLSPYSYSTTAVVTNP,Kd=1.0uM,,'NoneType' object has no attribute 'GetLigand'
853,4AZB,CC(=O)N[C@H]1/C(=N/OC(=O)Nc2ccccc2)O[C@H](CO)[C@@H](O)[C@@H]1O,NEKLAKKKIVSIDAGRKYFSPEQLKEIIDKAKHYGYTDLHLLVGNDGLRFMLDDMSITANGKTYASDDVKRAIEKGTNDYYNDPNGNHLTESQMTDLINYAKDKGIGLIPTVNSPGHMDAILNAMKELGIQNPNFSYFGKKSARTVDLDNEQAVAFTKALIDKYAAYFAKKTEIFNIGLDEYANDATDAKGWSVLQADKYYPNEGYPVKGYEKFIAYANDLARIVKSHGLKPMAFNDGIYYNSDTSFGSFDKDIIVSMWTGGWGGYDVASSKLLAEKGHQILNTNDAWYYVLGRNADGQGGGNLDQGLNGIKNTPITSVPKTEGADIPIIGGMVAAWADTPSARYSPSRLFKLMRHFANANAEYFAADYESAEQALNEVPKDAIRSLDSNLSRAQQDTIDQAIAKLQE,Kd=57.69nM,,'NoneType' object has no attribute 'GetLigand'
875,1AVN,[NH3+]CCc1cnc[nH]1,HWGYGKHNGPEHWHKDFPIAKGERQSPVDIDTHTAKYDPSLKPLSVSYDQATSLRILNNGHAFNVEFDDSQDKAVLKGGPLDGTYRLIQFHFHWGSLDGQGSEHTVDKKKYAAELHLVHWNTKYGDFGKAVQQPDGLAVLGIFLKVGSAKPGLQKVVDVLDSIKTKGKSADFTNFDPRGLLPESLDYWTYPGSLTTPPLLECVTWIVLKEPISVSSEQVLKFRKLNFNGEGEPEELMVDNWRPAQPLKNRQIKASFK,Kd=0.125mM,,'NoneType' object has no attribute 'GetLigand'
925,3D8W,NS(=O)(=O)c1nnc(NS(=O)(=O)c2ccccc2)s1,HWGYGKHNGPEHWHKDFPIAKGERQSPVDIDTHTAKYDPSLKPLSVSYDQATSLRILNNGHAFNVEFDDSQDKAVLKGGPLDGTYRLIQFHFHWGSLDGQGSEHTVDKKKYAAELHLVHWNTKYGDFGKAVQQPDGLAVLGIFLKVGSAKPGLQKVVDVLDSIKTKGKSADFTNFDPRGLLPESLDYWTYPGSLTTPPLLECVTWIVLKEPISVSSEQVLKFRKLNFNGEGEPEELMVDNWRPAQPLKNRQIKASFK,Ki=7.0nM,,'NoneType' object has no attribute 'GetLigand'
951,4PFT,O=C1O[C@H](CO)[C@@H](O[C@@H]2O[C@H](CO)[C@@H](O)[C@H](O)[C@@H]2O)[C@H](O)[C@@H]1O,FERNKTLYWGGALWSPPSNWNPFTPWNAVAGTIGLVYEPLFLYDPLNDKFEPWLAEKGEWVSNNEYVLTLRKGLRWQDGVPLTADDVVFTFEIAKKYTGISYSPVWNWLGRIERVDERTLKFVFSDPRYQEWKQMLINTPIVPKHIWENKTEEEVLQAANENPVGSGPYYVESWADDRCVFKKNGNWWGIRELGYDPKPERIVELRVLSNNVAVGMLMKGELDWSNFFLPGVPVLKKAYGIVTWYENAPYMLPANTAGIYINVNKYPLSIPEFRRAMAYAINPEKIVTRAYENMVTAANPAGILPLPGYMKYYPKEVVDKYGFKYDPEMAKKILDELGFKDVNKDGFREDPNGKPFKLTIECPYGWTDWMVSIQSIAEDLVKVGINVEPKYPDYSKYADDLYGGKFDLILNNFTTGVSATIWSYFNGVFYPDAVESEYSYSGNFGKYANPEVETLLDELNRSNDDAKIKEVVAKLSEILLKDLPFIPLWYNGAWFQASEAVWTNWPTEKNPYAVPIGWNGWWQLTGIKTLFGIEAKH,Kd=2.3nM,,'NoneType' object has no attribute 'GetLigand'
974,4OCQ,CC(=O)N[C@H]1[C@@H](O)O[C@H](CO)[C@H](O)[C@@H]1O,ESNEVLFGIASHFALEGAVTGIEPYGDGHINTTYLVTTDGPRYILQQMNTSIFPDTVNLMRNVELVTSTLKAQGKETLDIVPTTSGATWAEIDGGAWRVYKFIEHTVSYNLVPNPDVFREAGSAFGDFQNFLSEFDASQLTETIAHFHDTPHRFEDFKAALAADKLGRAAACQPEIDFYLSHADQYAVVMDGLRDGSIPLRVTHNDTKLNNILMDATTGKARAIIDLDTIMPGSMLFDFGDSIRFGASTALEDEKDLSKVHFSTELFRAYTEGFVGELRGSITAREAELLPFSGNLLTMECGMRFLADYLEGDIYFATKYPEHNLVRTRTQIKLVQEMEQKASETRAIVADIMEA,Kd=24.7uM,,'NoneType' object has no attribute 'GetLigand'
1017,5MNR,CC(C)CC(NP(=O)(O)CNC(=O)OCc1ccccc1)C(=O)NC(CC[NH3+])C(=O)O,ITGTSTVGVGRGVLGDQKNINTTYSTYYYLQDNTRGNGIFTYDAKYRTTLPGSLWADADNQFFASYDAPAVDAHYYAGVTYDYYKNVHNRLSYDGNNAAIRSSVHYSQGYNNAFWNGSQMVYGDGDGQTFIPLSGGIDVVAHELTHAVTDYTAGLIYQNESGAINEAISDIFGTLVEFYANKNPDWEIGEDVYTPGISGDSLRSMSDPAKYGDPDHYSKRYTGTQDNGGVHINSGIINKAAYLISQGGTHYGVSVVGIGRDKLGKIFYRALTQYLTPTSNFSQLRAAAVQSATDLYGSTSQEVASVKQAFDAVGVK,Kd=3.44uM,,'NoneType' object has no attribute 'GetLigand'
1018,2X7U,COc1cc2c(cc1OS(N)(=O)=O)CC[C@@H]1[C@@H]2CC[C@]2(C)[C@@H](O)CC[C@@H]12,HWGYGKHNGPEHWHKDFPIAKGERQSPVDIDTHTAKYDPSLKPLSVSYDQATSLRILNNGHAFNVEFDDSQDKAVLKGGPLDGTYRLIQFHFHWGSLDGQGSEHTVDKKKYAAELHLVHWNTKYGDFGKAVQQPDGLAVLGIFLKVGSAKPGLQKVVDVLDSIKTKGKSADFTNFDPRGLLPESLDYWTYPGSLTTPPLLECVTWIVLKEPISVSSEQVLKFRKLNFNGEGEPEELMVDNWRPAQPLKNRQIKASFK,Ki=5340nM,,'NoneType' object has no attribute 'GetLigand'
1029,4R74,O=P(O)(O)OCC1OC(O)(CO)C(O)C1O,SKGRLVIYCSATNVMCENAAKTFEQKYDVKTSFIRNGSGSTFAKIEAEKNNPQADVWYGGTLDPQSQAGELGLLEAYRSPNIDQIMPKFQDPAKVKGNLSSAVYIGILGFAVNTERLKKLGIEKIPQCWNDLTDPKLKGEIQIADPQSSGTAYTAIATFAQLWGEDKAFDYFKHLHPNISQYTKSGITPARNAARGETTVGIGFLHDYALEKEQGAPLEMVVPCEGTGYELGGVSILKGARNLDNAKLFVDFALSKEGQETAWKKGQALQTLTNTTAEQSPLAFDLTKLKLIDYDFEKYGASDERKRLINKWVDEIKLA,Kd=8nM,,'NoneType' object has no attribute 'GetLigand'
1045,4R73,O=P(O)(O)OCC1OC(O)C(O)C(O)C1O,GSKGRLVIYCSATNVMCENAAKTFEQKYDVKTSFIRNGSGSTFAKIEAEKNNPQADVWYGGTLDPQSQAGELGLLEAYRSPNIDQIMPKFQDPAKVKGNLSSAVYIGILGFAVNTERLKKLGIEKIPQCWNDLTDPKLKGEIQIADPQSSGTAYTAIATFAQLWGEDKAFDYFKHLHPNISQYTKSGITPARNAARGETTVGIGFLHDYALEKEQGAPLEMVVPCEGTGYELGGVSILKGARNLDNAKLFVDFALSKEGQETAWKKGQALQTLTNTTAEQSPLAFDLTKLKLIDYDFEKYGASDERKRLINKWVDEIKLAK,Kd=23nM,,'NoneType' object has no attribute 'GetLigand'
1069,1YPG,NC(=[NH2+])c1ccc([C@H]2[C@H]3C(=O)N(Cc4ccc5c(c4)OCO5)[C@H](C4CC4)[C@H]3[C@@H]3CCC[N@@H+]32)cc1,ADCGLRPLFEKKSLEDKTERELLESYI:IVEGSDAEIGMSPWQVMLFRKSPQELLCGASLISDRWVLTAAHCLLYPPWDKNFTENDLLVRIGKHSRTRYERNIEKISMLEKIYIHPRYNWRENLDRDIALMKLKKPVAFSDYIHPVCLPDRETAASLLQAGYKGRVTGWGNLKETKGQPSVLQVVNLPIVERPVCKDSTRIRITDNMFCAGYKPDEGKRGDACEGDSGGPFVMKSPFNNRWYQMGIVSWGEGCDRDGKYGFYTHVFRLKKWIQKVIDQF,Ki=10nM,,'NoneType' object has no attribute 'GetLigand'
1122,2XM1,CC(=O)N[C@H]1C(=O)N[C@H](CO)[C@@H](O)[C@@H]1O,SLQPPPQQLIVQNKTIDLPAVYQLNGGEEANPHAVKVLKELLSGKQSSKKGMLISIGEKGDKSVRKYSRQIPDHKEGYYLSVNEKEIVLAGNDERGTYYALQTFAQLLKDGKLPEVEIKDYPSVRYRGVVEGFYGTPWSHQARLSQLKFYGKNKMNTYIYGPKDDPYHSAPNWRLPYPDKEAAQLQELVAVANENEVDFVWAIHPGQDIKWNKEDRDLLLAKFEKMYQLGVRSFAVFFDDISGEGTNPQKQAELLNYIDEKFAQVKPDINQLVMCPTEYNKSWSNPNGNYLTTLGDKLNPSIQIMWTGDRVISDITRDGISWINERIKRPAYIWWNFPVSDYVRDHLLLGPVYGNDTTIAKEMSGFVTNPMEHAESSKIAIYSVASYAWNPAKYDTWQTWKDAIRTILPSAAEELECFAMHNSDLGPNGHGYRREESMDIQPAAERFLKAFKEGKNYDKADFETLQYTFERMKESADILLMNTENKPLIVEITPWVHQFKLTAEMGEEVLKMVERNESYFLRKYNHVKALQQQMFYIDQTSNQNPYQPGVKTATRVIKPLIDRTFATVVKFFNQKFNAHLDATTDYMPHKMLPLQVKANRVLISPEIELDAIYPGENIQINFLSAGLQKAPVKFVRFQFVLTIEK,Kd=8.5uM,,'NoneType' object has no attribute 'GetLigand'
1162,3N1C,O=P(O)(O)OCC1OC(O)(CO)C(O)C1O,MVRIYTLTLAPSLDSATITPQIYPEGKLRCTAPVFEPGGGGINVARAIAHLGGSATAIFPAGGATGEHLVSLLADENVPVATVEAKDWTRQNLHVHVEASGEQYRFVMPGAALNEDEFRQLEEQVLEIESGAILVISGSLPPGVKLEKLTQLISAAQKQGIRCIVDSSGEALSAALAIGNIELVKPNQKELSALVNRELTQPDDVRKAAQEIVNSGKAKRVVVSLGPQGALGVDSENCIQVVPPPVKSQSTVGAGDSMVGAMTLKLAENASLEEMVRFGVAAGSAATLNQGTRLCSHDDTQKIYAYLSR:MVRIYTLTLAPSLDSATITPQIYPEGKLRCTAPVFEPGGGGINVARAIAHLGGSATAIFPAGGATGEHLVSLLADENVPVATVEAKDWTRQNLHVHVEASGEQYRFVMPGAALNEDEFRQLEEQVLEIESGAILVISGSLPPGVKLEKLTQLISAAQKQGIRCIVDSSGEALSAALAIGNIELVKPNQKELSALVNRELTQPDDVRKAAQEIVNSGKAKRVVVSLGPQGALGVDSENCIQVVPPPVKSQSGAGDSMVGAMTLKLAENASLEEMVRFGVAAGSAATLRLCSHDDTQKIYAYLSR:MVRIYTLTLAPSLDSATITPQIYPEGKLRCTAPVFEPGGGGINVARAIAHLGGSATAIFPAGGATGEHLVSLLADENVPVATVEAKDWTRQNLHVHVEASGEQYRFVMPGAALNEDEFRQLEEQVLEIESGAILVISGSLPPGVKLEKLTQLISAAQKQGIRCIVDSSGEALSAALAIGNIELVKPNQKELSALVNRELTQPDDVRKAAQEIVNSGKAKRVVVSLGPQGALGVDSENCIQVVPPPVKSQSTVGAGDSMVGAMTLKLAENASLEEMVRFGVAAGSAATLNQGTRLCSHDDTQKIYAYLSR:MVRIYTLTLAPSLDSATITPQIYPEGKLRCTAPVFEPGGGGINVARAIAHLGGSATAIFPAGGATGEHLVSLLADENVPVATVEAKDWTRQNLHVHVEASGEQYRFVMPGAALNEDEFRQLEEQVLEIESGAILVISGSLPPGVKLEKLTQLISAAQKQGIRCIVDSSGEALSAALAIGNIELVKPNQKELSALVNRELTQPDDVRKAAQEIVNSGKAKRVVVSLGPQGALGVDSENCIQVVPPPVKSQSTVGAGDSMVGAMTLKLAENASLEEMVRFGVAAGSAATLNQGTRLCSHDDTQKIYAYLSR,Kd=6uM,,'NoneType' object has no attribute 'GetLigand'
1182,6U8B,COc1ccc(Br)cc1S(=O)(=O)Nc1cc(Cl)cc(C(=O)[O-])c1O,TQSKPTPVKPNYALKFTLAGHTKAVSSVKFSPNGEWLASSSADKLIKIWGAYDGKFEKTISGHKLGISDVAWSSDSNLLVSASDDKTLKIWDVSSGKCLKTLKGHSNYVFCCNFNPQSNLIVSGSFDESVRIWDVKTGKCLKTLPAHSDPVSAVHFNRDGSLIVSSSYDGLCRIWDTASGQCLKTLINPPVSFVKFSPNGKYILAATLDNTLKLWDYSKGKCLKTYTGHKNEKYCIFANFSVTGGKWIVSGSEDNLVYIWNLQTKEIVQKLQGHTDVVISTACHPTENIIASAALENDKTIKLWKSDC,Kd=0.431uM,,'NoneType' object has no attribute 'GetLigand'
1204,5EH7,Clc1ccc(OCc2nnn[nH]2)cc1Cl,WGYGKHNGPEHWHKDFPIAKGERQSPVDIDTHTAKYDPSLKPLSVSYDQATSLRILNNGHAFNVEFDDSQDKAVLKGGPLDGTYRLIQFHFHWGSLDGQGSEHTVDKKKYAAELHLVHWNTKYGDFGKAVQQPDGLAVLGIFLKVGSAKPGLQKVVDVLDSIKTKGKSADFTNFDPRGLLPESLDYWTYPGSLTTPPLLECVTWIVLKEPISVSSEQVLKFRKLNFNGEGEPEELMVDNWRPAQPLKNRQIKASFK,Kd=330uM,,'NoneType' object has no attribute 'GetLigand'
1239,3WMC,Cc1nnc(C[NH2+]CC[NH+]2C(O)c3cccc4c(N(C)C)ccc(c34)C2O)s1,EDVVWRWSCDNGKCVKLKNDPRSSEPALSLEACKMFCNEYGLLWPRPTGEADLGNFLSKINLNSIEVKILKKGATDDLMEAAAKRFKEQVSLAIPRGSTPKLTGKAVDVYLVNENPNEKAFSLEMDESYGLRVSPSGADRVNATITANSFFGMRHGLETLSQLFVFDDIRDHLLMVRDVNISDKPVYPYRGILLDTARNYYSIESIKRTIEAMAAVKLNTLHWHITDSQSFPFVTTKRPNLYKFGALSPQKVYTKAAIREVVRFGLERGVRVLPEFDAPAHVGEGWQDTDLTVCFKAEPWKSYCVEPPCGQLNPTKDELYQYLEDIYSDMAEVFDTTDIFHMGGDEVSEACWNSSDSIQNFMMQNRWDLDKESFLKLWNYFQQKAQDKAYKAFGKKLPLILWTSTLTNYKHIDDYLNKDDYIIQVWTTGVDPQIKGLLEKGYRLIMSNYDALYFDCGYGAWVGAGNNWCSPYIGWQKVYDNSPAVIALEHRDQVLGGEAALWSEQSDTSTLDGRLWPRAAALAERLWAEPATSWQDAEYRMLHIRERFVRMGIQAESLQPEWCYQNEGYCYS,Ki=0.31uM,,'NoneType' object has no attribute 'GetLigand'
1386,1GJA,NC(=[NH2+])c1ccc(NC(=O)c2ccccc2O)cc1,PPEELKFQCGQKT:IIGGEFTTIENQPWFAAIYRRHRGGSVTYVCGGSLMSPCWVISATHCFIDYPKKEDYIVYLGRSRLNSNTQGEMKFEVENLILHKDYSADTLAHHNDIALLKIRSKEGRCAQPSRTIQTICLPSMYNDPQFGTSCEITGFGKEASTDYLYPEQLKMTVVKLISHRECQQPHYYGSEVTTKMLCAADPQWKTDSCQGDSGGPLVCSLQGRMTLTGIVSWGRGCALKDKPGVYTRVSHFLPWIRSHT,Ki=3.8uM,,'NoneType' object has no attribute 'GetLigand'
1398,3TDH,Nc1ncnc2c1ncn2C1OC(COP(=O)(O)O)C(O)C1O,STVSILPTSLPQIHRANMLAQGSPAASKISPLVTKKSKTRWHFGIRSRSYPLDVMGEIYIALKNLGAEWAKPSEEDLWTIKLRWKYIPDLMKMVIQLFQIETNNYLVDFKFDGWESSTFSAYPFLHLTTKLIMELAVNS:MEYTTDIPAVFTDPSVMERYYYTLDTSWLTPPQLPPQLENVILNKYYATQDQFNENNSGALPIPNHVVLNHLVTSSIKHNTLCVASIVRYKQKYVTQILYTPIE:DSQEKVSIEQQLAVESIRKFLNSKTSYDVLPVSYRLIVLDTSLLVKKSLNVLLQNSIVSAPLWDSKTSRFAGLLTTTDFINVIQYYFSNPDKFELVDKLQLDGLKDIERALGVDQLDTASIHPSRPLFEACLKMLESRSGRIPLIDQDEETHREIVVSVLTQYRILKFVALNCRETHFLKIPIGDLNIITQDNMKSCQMTTPVIDVIQMLTQGRVSSVPIIDENGYLINVYEAYDVLGLIKGGIYNDLSLSVGEALMRRSDDFEGVYTCTKNDKLSTIMDNIRKARVHRFFVVDDVGRLVGVLTLSDILKYILLGS,Kd=55uM,,'NoneType' object has no attribute 'GetLigand'
1431,1Y8O,Nc1ncnc2c1ncn2C1OC(COP(=O)(O)OP(=O)(O)O)C(O)C1O,PKQIERYSRFSPSPLSIKQFLDFGRDNACEKTSYMFLRKELPVRLANTMREVNLLPDNLLNRPSVGLVQSWYMQSFLELLEYENKSPEDPQVLDNFLQVLIKVRNRHNDVVPTMAQGVIEYKEKFGFDPFISTNIQYFLDRFYTNRISFRMLINQHTLLFGGDTNPVHPKHIGSIDPTCNVADVVKDAYETAKMLCEQYYLVAPELEVEEFNAKAPDKPIQVVYVPSHLFHMLFELFKNSMRATVELYEDRKEGYPAVKTLVTLGKEDLSIKISDLGGGVPLRKIDRLFNYMYSPLFGYGLPISRLYARYFQGDLKLYSMEGVGTDAVIYLKALSSESFERLPVFNKSAWRHYKTTPEADDWSNPSSEPRDASK:SYPPHMQVLLPALSPTMTMGTVQRWEKKVGEKLSEGDLLAEIETDKATIGFEVQEEGYLAKILVPEGTRDVPLGTPLCIIVEKEADISAFADYTDLK:PKQIERYSRFSPSPLSIKQFLDFGRDNACEKTSYMFLRKELPVRLANTMREVNLLPDNLLNRPSVGLVQSWYMQSFLELLEYENKSPEDPQVLDNFLQVLIKVRNRHNDVVPTMAQGVIEYKEKFGFDPFISTNIQYFLDRFYTNRISFRMLINQHTLLFGGDTNPVHPKHIGSIDPTCNVADVVKDAYETAKMLCEQYYLVAPELEVEEFNAKAPDKPIQVVYVPSHLFHMLFELFKNSMRATVELYEDRKEGYPAVKTLVTLGKEDLSIKISDLGGGVPLRKIDRLFNYMYSPLFGYGLPISRLYARYFQGDLKLYSMEGVGTDAVIYLKALSSESFERLPVFNKSAWRHYKTTPEADDWSNPSSEPRDASK:SYPPHMQVLLPALSPTMTMGTVQRWEKKVGEKLSEGDLLAEIETDKATIGFEVQEEGYLAKILVPEGTRDVPLGTPLCIIVEKEADISAFADYTDLK,Kd=1.30uM,,'NoneType' object has no attribute 'GetLigand'
1482,4X11,CC(=O)N[C@@H]1[C@@H](O)C[C@](O)(C(=O)[O-])O[C@H]1[C@H](O)[C@H](O)CO,EVLEVKTGVDSITEVECFLTPEMGDPDEHLRGFSKSISISDTFESDSPNKDMLPCYSVARIPLPNLILMWEAVTLKTEVIGVTTLMNVHSNGQATHDNGAAKPVQGTSFHFFSVGGEALELQGVVFNYRTTYPDGTIFPKNATVQSQVMNTEHKAYLDKNKAYPVECWVPDPTRNENTRYFGTLTGGENVPPVLHITNTATTVLLDEFGVGPLCKGDNLYLSAVDVCGMFTNRSGSQQWRGLSRYFKVQLRKRRVK:VLEVKTGVDSITEVECFLTPEMGDPDEHLRGFSKSISISDTFESDSPNKDMLPCYSVARIPLPNLILMWEAVTLKTEVIGVTTLMNVHSNGQATHDNGAAKPVQGTSFHFFSVGGEALELQGVVFNYRTTYPDGTIFPKNATVQSQVMNTEHKAYLDKNKAYPVECWVPDPTRNENTRYFGTLTGGENVPPVLHITNTATTVLLDEFGVGPLCKGDNLYLSAVDVCGMFTNRSGSQQWRGLSRYFKVQLRKRRVK:EVLEVKTGVDSITEVECFLTPEMGDPDEHLRGFSKSISISDTFESDSPNKDMLPCYSVARIPLPNLILMWEAVTLKTEVIGVTTLMNVHSNGQATHDNGAAKPVQGTSFHFFSVGGEALELQGVVFNYRTTYPDGTIFPKNATVQSQVMNTEHKAYLDKNKAYPVECWVPDPTRNENTRYFGTLTGGENVPPVLHITNTATTVLLDEFGVGPLCKGDNLYLSAVDVCGMFTNRSGSQQWRGLSRYFKVQLRKRRVK,Kd=6mM,,'NoneType' object has no attribute 'GetLigand'
1524,2C3J,NC1=N/C(=C2/CCNC(=O)c3[nH]ccc32)C(=O)N1,VEDWDLVQTLGEGEVQLAVNRVTEEAVAVKIVDMKRENIKKEICINKMLNHENVVKFYGHRREGNIQYLFLEYCSGGELFDRIEPDIGMPEPDAQRFFHQLMAGVVYLHGIGITHRDIKPENLLLDERDNLKISDFGLATVFRYNNRERLLNKMCGTLPYVAPELLKRREFHAEPVDVWSCGIVLTAMLAGELPWDQPSDSCQEYSDWKEKKTYLNPWKKIDSAPLALLHKILVENPSARITIPDIKKDRWYNKPLK,Ki=0.659uM,,'NoneType' object has no attribute 'GetLigand'
1529,4ACM,C[N+](C)CCNS(=O)(=O)c1ccc(-c2cnc(N)c(C(=O)Nc3cccnc3)n2)cc1,XMENFQKVEKIGEGTYGVVYKARNKLTGEVVALKKIRVPSTAIREISLLKELNHPNIVKLLDVIHTKLYLVFEFLHQDLKKFMDASALTGIPLPLIKSYLFQLLQGLAFCHSHRVLHRDLKPQNLLINTEGAIKLADFGLARVVTLWYRAPEILLGCKYYSTAVDIWSLGCIFAEMVTRRALFPGDSEIDQLFRIFRTLGTPDEVVWPGVTSMPDYKPSFPKWARQDFSKVVPPLDEDGRSLLSQMLHYDPNKRISAKAALAHPFFQDVTKPVPHLRL,Ki=210nM,,'NoneType' object has no attribute 'GetLigand'
1548,1MTO,O=P(O)(O)OCC1OC(O)(CO)C(O)C1O,MKRIGVLTSGGDSPGMNAAIRSVVRKAIYHGVEVYGVYHGYAGLIAGNIKKLEVGDVGDIIHRGGTILYTARCPEFKTEEGQKKGIEQLKKHGIEGLVVIGGDGSYQGAKKLTEHGFPCVGVPGTIDNDIPGTDFTIGFDTALNTVIDAIDKIRDTATSHERTWVIEVMGRHAGDIALYSGLAGGAETILIPEADYDMNDVIARLKRGHERGKKHSIIIVAEGVGSGVDFGRQIQEATGFETRVTVLGHVQRGGSPTAFDRVLASRLGARAVELLLEGKGGRCVGIQNNQLVDHDIAEALANKHTIDQRMYALSKELSI,Ki=0.11uM,,'NoneType' object has no attribute 'GetLigand'
1733,1H4N,[NH3+]C(CO)(CO)CO,HWGYGKHNGPEHWHKDFPIAKGERQSPVDIDTHTAKYDPSLKPLSVSYDQATSLRILNNGHAFNVEFDDSQDKAVLKGGPLDGTYRLIQFNFHWGSLDGQGSEHTVDKKKYAAELHLVHWNTKYGDFGKAVQQPDGLAVLGIFLKVGSAKPGLQKVVDVLDSIKTKGKSADFTNFDPRGLLPESLDYWTYPGSLTTPPLLECVTWIVLKEPISVSSEQVLKFRKLNFNGEGEPEELMVDNWRPAQPLKNRQIKASFK,Ki=12uM,,'NoneType' object has no attribute 'GetLigand'
1785,4D62,CC(=O)N[C@@H]1[C@@H](O)C[C@](O)(C(=O)[O-])O[C@H]1[C@H](O)[C@H](O)CO,GRATNGQFVTKTAKVLRYKFVRWDALLIIQFIDNIGVMENPTFYRNKSIELRSADFLSPMLNNTYIVPLNGGVRVESPTIPVQLEVILENNSSFIQVGFVRLTVKNGNPHMIIQCNPVPGNIKMIKIKSVMLFTCLIG,Kd=3.64mM,,'NoneType' object has no attribute 'GetLigand'
1814,1E5A,Oc1c(Br)cc(Br)cc1Br,CPLMVKVLDAVRGSPAINVAVHVFRKAADDTWEPFASGKTSESGELHGLTTEEEFVEGIYKVEIDTKSYWKALGISPFHEHAEVVFTANDSGPRRYTIAALLSPYSYSTTAVVTNP,Kd=23nM,,'NoneType' object has no attribute 'GetLigand'
1818,4X6H,N=CCNC(=O)C1(NC(=O)c2ccc(N)c(F)c2)CCCCC1.Nc1ccc(C(=O)NC2CCCCC2)cc1F,APDSVDYRKKGYVTPVKNQGQCGSCWAFSSVGALEGQLKKKTGKLLNLSPQNLVDCVSENDGCGGGYMTNAFQYVQKNRGIDSEDAYPYVGQEESCMYNPTGKAAKCRGYREIPEGNEKALKRAVARVGPVSVAIDASLTSFQFYSKGVYYDESCNSDNLNHAVLAVGYGIQKGNKHWIIKNSWGENWGNKGYILMARNKNNACGIANLASFPKM,Ki=22nM,,'NoneType' object has no attribute 'GetLigand'
1877,5LCE,[NH3+][C@H](CC1CCCCC1)C(=O)N1CCC[C@H]1C(=O)NCc1cc(Cl)ccc1CO,EADCGLRPLFEKKSLEDKTERELLESYI:IVEGSDAEIGMSPWQVMLFRKSPQELLCGASLISDRWVLTAAHCLLYPPWDKNFTENDLLVRIGKHSRTRYERNIEKISMLEKIYIHPRYNWRENLDRDIALMKLKKPVAFSDYIHPVCLPDRETAASLLQAGYKGRVTGWGNLKETGQPSVLQVVNLPIVERPVCKDSTRIRITDNMFCAGYKPDEGKRGDACEGDSGGPFVMKSPFNNRWYQMGIVSWGEGCDRDGKYGFYTHVFRLKKWIQKVIDQF,Ki=9.2nM,,'NoneType' object has no attribute 'GetLigand'
1888,6EQ4,Fc1cnccc1-c1ccnc2[nH]ccc12,ASRLYTLVLVLQPQRVLLGMKKRGFGAGRWNGFGGKVQEGETIEDGARRELQEESGLTVDALHKVGQIVFEFVGEPELMDVHVFCTDSIQGTPVESDEMRPCWFQLDQIPFKDMWPDDSYWFPLLLQKKKFHGYFKFQGQDTILDYTLREVDTV,Kd=2.4uM,,'NoneType' object has no attribute 'GetLigand'
1889,1GJ7,NC(=[NH2+])c1cc2cc(-c3cccc(-c4ccccc4)c3O)[nH]c2cc1Cl,IIGGEFTTIENQPWFAAIYRRHRGGSVTYVCGGSLMSPCWVISATHCFIDYPKKEDYIVYLGRSRLNSNTQGEMKFEVENLILHKDYSADTLAHHNDIALLKIRSKEGRCAQPSRTIQTICLPSMYNDPQFGTSCEITGFGKEASTDYLYPEQLKMTVVKLISHRECQQPHYYGSEVTTKMLCAADPQWKTDSCQGDSGGPLVCSLQGRMTLTGIVSWGRGCALKDKPGVYTRVSHFLPWIRSHTK,Ki=0.013uM,,'NoneType' object has no attribute 'GetLigand'
1974,1XXI,Nc1ncnc2c1ncn2C1OC(COP(=O)(O)OP(=O)(O)O)C(O)C1O,MIRLYPEQLRAQLNEGLRAAYLLLGNDPLLLQESQDAVRQVAAAQGFEEHHTFSIDPNTDWNAIFSLCQAMSLFASRQTLLLLLPENGPNAAINEQLLTLTGLLHDDLLLIVRGNKLSKAQENAAWFTALANRSVQVTCQTPEQAQLPRWVAARAKQLNLELDDAANQVLCYCYEGNLLALAQALERLSLLWPDGKLTLPRVEQAVNDAAHFTPFHWVDALLMGKSKRALHILQQLRLEGSEPVILLRTLQRELLLLVNLKRQSAHTPLRALFDKHRVWQNRRGMMGEALNRLSQTQLRQAVQLLTRTELTLKQDYGQSVWAELEGLSLLLCHKPLAD:VLARKWRPQTFADVVGQEHVLTALANGLSLGRIHHAYLFSGTRGVGKTSIARLLAKGLNCETGITATPCGVCDNCREIEQGRFVDLIEIDAASRTKVEDTRDLLDNVQYAPARGRFKVYLIDEVHMLSRHSFNALLKTLEEPPEHVKFLLATTDPQKLPVTILSRCLQFHLKALDVEQIRHQLEHILNEEHIAHEPRALQLLARAAEGSLRDALSLTDQAIASGDGQVSTQAVSAMLGTLDDDQALSLVEAMVEANGERVMALINEAAARGIEWEALLVEMLGLLHRIAMVQLSPAALGNDMAAIELRMRELARTIPPTDIQLYYQTLLIGRKELPYAPDRRMGVEMTLLRALAFHPRMPLPEP:YQVLARKWRPQTFADVVGQEHVLTALANGLSLGRIHHAYLFSGTRGVGKTSIARLLAKGLNCETGITATPCGVCDNCREIEQGRFVDLIEIDAASRTKVEDTRDLLDNVQYAPARGRFKVYLIDEVHMLSRHSFNALLKTLEEPPEHVKFLLATTDPQKLPVTILSRCLQFHLKALDVEQIRHQLEHILNEEHIAHEPRALQLLARAAEGSLRDALSLTDQAIASGDGQVSTQAVSAMLGTLDDDQALSLVEAMVEANGERVMALINEAAARGIEWEALLVEMLGLLHRIAMVQLSPAALGNDMAAIELRMRELARTIPPTDIQLYYQTLLIGRKELPYAPDRRMGVEMTLLRALAFHPRMPLPEP:VLARKWRPQTFADVVGQEHVLTALANGLSLGRIHHAYLFSGTRGVGKTSIARLLAKGLNCETGITATPCGVCDNCREIEQGRFVDLIEIDAASRTKVEDTRDLLDNVQYAPARGRFKVYLIDEVHMLSRHSFNALLKTLEEPPEHVKFLLATTDPQKLPVTILSRCLQFHLKALDVEQIRHQLEHILNEEHIAHEPRALQLLARAAEGSLRDALSLTDQAIASGDGQVSTQAVSAMLGTLDDDQALSLVEAMVEANGERVMALINEAAARGIEWEALLVEMLGLLHRIAMVQLSPAALGNDMAAIELRMRELARTIPPTDIQLYYQTLLIGRKELPYAPDRRMGVEMTLLRALAFHPRMPLPEP:MRWYPWLRPDFEKLVASYQAGRGHHALLIQALPGMGDDALIYALSRYLLCQQPQGHKSCGHCRGCQLMQAGTHPDYYTLAPEKGKNTLGVDAVREVTEKLNEHARLGGAKVVWVTDAALLTDAAANALLKTLEEPPAETWFFLATREPERLLATLRSRCRLHYLAPPPEQYAVTWLSREVTMSQDALLAALRLSAGSPGAALALFQGDNWQARETLCQALAYSVPSGDWYSLLAALNHEQAPARLHWLATLLMDALKRHHGAAQVTNVDVPGLVAELANHLSPSRLQAILGDVCHIREQLMSVTGINRELLITDLLLRIEHYLQPGVVLPVPHL,Kd=3.0uM,,'NoneType' object has no attribute 'GetLigand'
2070,3R5M,C=CCc1ccc(O)c(-c2cc(/C=C/C)ccc2O)c1,NEDMPVERILEAELAVEPNDPVTNICQAADKQLFTLVEWAKRIPHFSELPLDDQVILLRAGWNELLIASFSHRSIAVKDGILLATGLHVHRNSAHSAGVGAIFDRVLTELVSKMRDMQMDKTELGCLRAIVLFNPDSKGLSNPAEVEALREKVYASLEAYCKHKYPEQPGRFAKLLLRLPALRSIGLKCLEHLFFFKLIGDTPIDTFLMEMLEAP,Kd=45.7uM,,'NoneType' object has no attribute 'GetLigand'
2083,2IVU,COc1cc2c(Nc3ccc(Br)cc3F)ncnc2cc1OC[C@H]1CC[N@H+](C)CC1,GPLSLSVDAFKILDPKWEFPRKNLVLGKTLGEGEFGKVVKATAFHLKGRAGYTTVAVKMLKENASPSELRDLLSEFNVLKQVNHPHVIKLYGACSQDGPLLLIVEYAKYGSLRGFLRESRRALTMGDLISFAWQISQGMQYLAEMKLVHRDLAARNILVAEGRKMKISDFGLSRDVYEEDSXVKRSQGRIPVKWMAIESLFDHIYTTQSDVWSFGVLLWEIVTLGGNPYPGIPPERLFNLLKTGHRMERPDNCSEEMYRLMLQCWKQEPDKRPVFADISKDLEKMMVKR,Ki=375nM,,'NoneType' object has no attribute 'GetLigand'
2121,3JQ8,CC1=Nc2c(N)nc(N)nc2NC1(C)C,EAPAAVVTGAAKRIGRAIAVKLHQTGYRVVIHYHNSAEAAVSLADELNKERSNTAVVCQADLTNSNVLPASCEEIINSCFRAFGRCDVLVNNASAFYPTPLVGKTVETQVAELIGTNAIAPFLLTMSFAQRQSNLSIVNLCDAMVDQPCMAFSLYNMGKHALVGLTQSAALELAPYGIRVNGVAPGVSLLPAMGEEEKDKWRRKVPLGRREASAEQIADAVIFLVSGSAQYITGSIIKVDGGLSLVHA:EAPAAVVTGAAKRIGRAIAVKLHQTGYRVVIHYHNSAEAAVSLADELNKERSNTAVVCQADLTNSNVLPASCEEIINSCFRAFGRCDVLVNNASAFYPTPLVGKTVETQVAELIGTNAIAPFLLTMSFAQRQNLSIVNLCDAMVDQPMAFSLYNMGKHALVGLTQSAALELAPYGIRVNGVAPGVSLLPVAMGEEEKDKWRRKVPLGRREASAEQIADAVIFLVSGSAQYITGSIIKVDGGLSLVHA:EAPAAVVTGAAKRIGRAIAVKLHQTGYRVVIHYHNSAEAAVSLADELNKERSNTAVVCQADLTNSNVLPASCEEIINSCFRAFGRCDVLVNNASAFYPTPLVGKTVETQVAELIGTNAIAPFLLTMSFAQRQNLSIVNLCDAMVDQPMAFSLYNMGKHALVGLTQSAALELAPYGIRVNGVAPGVSLGEEEKDKWRRKVPLGRREASAEQIADAVIFLVSGSAQYITGSIIKVDGGLSLVHA:EAPAAVVTGAAKRIGRAIAVKLHQTGYRVVIHYHNSAEAAVSLADELNKERSNTAVVCQADLTNSNVLPASCEEIINSCFRAFGRCDVLVNNASAFYPTPLVGKTVETQVAELIGTNAIAPFLLTMSFAQRQSNLSIVNLCDAMVDQPMAFSLYNMGKHALVGLTQSAALELAPYGIRVNGVAPGVSLLPVAMGEEEKDKWRRKVPLGRREASAEQIADAVIFLVSGSAQYITGSIIKVDGGLSLVHA,Ki=35uM,,'NoneType' object has no attribute 'GetLigand'
2152,2WNL,[NH3+]CCCCC(=O)c1cccnc1,DKLHSQANLMRLKSDLFNRSPMYPGPTKDDPLTVTLGFTLQDIVKADSSTNEVDLVYYEQQRWKLNSLMWDPNEYGNITDFRTSAADIWTPDITAYSSTRPVQVLSPQIAVVTHDGSVMFIPAQRLSFMCDPTGVDSEEGATCAVKFGSWVYSGFEIDLKTDTDQVDLSSYYASSKYEILSATQTRQVQHYSCCPEPYIDVNLVVKFRERR:DDKLHSQANLMRLKSDLFNRSYPGPTKDDPLTVTLGFTLQDIVKADSSTNEVDLVYYEQQRWKLNSLMWDPNEYGNITDFRTSAADIWTPDITAYSSTRPVQVLSPQIAVVTHDGSVMFIPAQRLSFMCDPTGVDSEEGATCAVKFGSWVYSGFEIDLKTDTDQVDLSSYYASSKYEILSATQTRQVQHYSCCPEPYIDVNLVVKFRERR:DDKLHSQANLMRLKSDLFNRSPMYPGPTKDDPLTVTLGFTLQDIVKADSSTNEVDLVYYEQQRWKLNSLMWDPNEYGNITDFRTSAADIWTPDITAYSSTRPVQVLSPQIAVVTHDGSVMFIPAQRLSFMCDPTGVDSEEGATCAVKFGSWVYSGFEIDLKTDTDQVDLSSYYASSKYEILSATQTRQVQHYSCCPEPYIDVNLVVKFRERR:DKLHSQANLMRLKSDLFNRSPMYPGPTKDDPLTVTLGFTLQDIVKADSSTNEVDLVYYEQQRWKLNSLMWDPNEYGNITDFRTSAADIWTPDITAYSSTRPVQVLSPQIAVVTHDGSVMFIPAQRLSFMCDPTGVDSEEGATCAVKFGSWVYSGFEIDLKTDTDQVDLSSYYASSKYEILSATQTRQVQHYSCCPEPYIDVNLVVKFRERR:DKLHSQANLMRLKSDLFNRSPMYPGPTKDDPLTVTLGFTLQDIVKADSSTNEVDLVYYEQQRWKLNSLMWDPNEYGNITDFRTSAADIWTPDITAYSSTRPVQVLSPQIAVVTHDGSVMFIPAQRLSFMCDPTGVDSEEGATCAVKFGSWVYSGFEIDLKTDTDQVDLSSYYASSKYEILSATQTRQVQHYSCCPEPYIDVNLVVKFRERRA,Kd=1000nM,,'NoneType' object has no attribute 'GetLigand'
